{"unclampedSize":{"x":40, "y":40}, "center":{"x":80.19181, "y":-6.336567, "z":-59.53886}}